{"roadSettings":{"downLimit":-100,"leftLimit":-1000,"rightLimit":11000,"step":20,"upLimit":7000,"blinds":[{"id":0,"height":900,"offset":8500,"width":200},{"id":1,"height":900,"offset":9400,"width":150},{"id":2,"height":1000,"offset":-1650,"width":100}],"lanes":[{"id":0,"offset":-1400,"width":1900,"height":450},{"id":1,"offset":600,"width":1900,"height":430},{"id":2,"offset":2500,"width":1900,"height":425},{"id":3,"offset":4500,"width":1900,"height":420},{"id":4,"offset":6400,"width":2000,"height":415}]},"scanners":[{"id":1,"settings":{"endAngle":185,"frequency":100,"resolution":0.5,"startAngle":-5},"connection":{"enabled":true,"address":"10.199.1.131","port":2112,"uid":null},"transformations":{"uid":0,"horisontalOffset":4528,"height":3950,"correctionAngle":2,"Flip":false}},{"id":2,"settings":{"endAngle":185,"frequency":100,"resolution":0.5,"startAngle":-5},"connection":{"enabled":true,"address":"10.199.1.132","port":2112,"uid":null},"transformations":{"uid":2,"horisontalOffset":6300,"height":3900,"correctionAngle":2,"Flip":false}}],"AnalisSettings":{"test":true,"mathsmethod":"primitive"},"sorts":{"MinWigdh":500,"MinLength":5,"Buffers":5,"BufferTimesLength":300,"SavedCars":100}}